<?xml version="1.0"?>
<doc>
    <assembly>
        <name>NSwag.Commands</name>
    </assembly>
    <members>
        <member name="T:NSwag.Commands.CodeGeneratorCollection">
            <summary>The command collection.</summary>
        </member>
        <member name="P:NSwag.Commands.CodeGeneratorCollection.OpenApiToTypeScriptClientCommand">
            <summary>Gets or sets the SwaggerToTypeScriptClientCommand.</summary>
        </member>
        <member name="P:NSwag.Commands.CodeGeneratorCollection.OpenApiToCSharpClientCommand">
            <summary>Gets or sets the SwaggerToCSharpClientCommand.</summary>
        </member>
        <member name="P:NSwag.Commands.CodeGeneratorCollection.OpenApiToCSharpControllerCommand">
            <summary>Gets or sets the SwaggerToCSharpControllerCommand.</summary>
        </member>
        <member name="P:NSwag.Commands.CodeGeneratorCollection.Items">
            <summary>Gets the items.</summary>
        </member>
        <member name="T:NSwag.Commands.CodeGeneration.OperationGenerationMode">
            <summary>Specifies how the operation name and client classes/interfaces are generated.</summary>
        </member>
        <member name="F:NSwag.Commands.CodeGeneration.OperationGenerationMode.MultipleClientsFromOperationId">
            <summary>Multiple clients from the Swagger operation ID in the form '{controller}_{action}'.</summary>
        </member>
        <member name="F:NSwag.Commands.CodeGeneration.OperationGenerationMode.MultipleClientsFromPathSegments">
            <summary>From path segments (operation name = last segment, client name = second to last segment).</summary>
        </member>
        <member name="F:NSwag.Commands.CodeGeneration.OperationGenerationMode.MultipleClientsFromFirstTagAndPathSegments">
            <summary>From the first operation tag and path segments (operation name = last segment, client name = first operation tag).</summary>
        </member>
        <member name="F:NSwag.Commands.CodeGeneration.OperationGenerationMode.MultipleClientsFromFirstTagAndOperationId">
            <summary>From the first operation tag and operation ID (operation name = operation ID, client name = first operation tag).</summary>
        </member>
        <member name="F:NSwag.Commands.CodeGeneration.OperationGenerationMode.SingleClientFromOperationId">
            <summary>From the Swagger operation ID.</summary>
        </member>
        <member name="F:NSwag.Commands.CodeGeneration.OperationGenerationMode.SingleClientFromPathSegments">
            <summary>From path segments suffixed by HTTP operation name</summary>
        </member>
        <member name="F:NSwag.Commands.CodeGeneration.OperationGenerationMode.MultipleClientsFromFirstTagAndOperationName">
            <summary>From the first operation tag and operation name (underscore separated from operation id)</summary>
        </member>
        <member name="T:NSwag.Commands.Generation.AspNetCore.AspNetCoreToOpenApiCommand">
            <summary>The generator.</summary>
        </member>
        <member name="T:NSwag.Commands.Generation.AspNetCore.AspNetCoreToSwaggerCommand">
            <summary>The generator.</summary>
        </member>
        <member name="T:NSwag.Commands.Generation.AspNetCore.AspNetCoreToOpenApiGeneratorCommandEntryPoint">
            <summary>In-process entry point for the aspnetcore2swagger command.</summary>
        </member>
        <member name="T:NSwag.Commands.Generation.FromDocumentCommand">
            <summary>Reads a Swagger specification from JSON or an URL.</summary>
        </member>
        <member name="P:NSwag.Commands.Generation.FromDocumentCommand.Json">
            <summary>Gets or sets the input Swagger specification.</summary>
        </member>
        <member name="P:NSwag.Commands.Generation.FromDocumentCommand.Url">
            <summary>Gets or sets the input Swagger specification URL.</summary>
        </member>
        <member name="M:NSwag.Commands.Generation.FromDocumentCommand.RunAsync(NConsole.CommandLineProcessor,NConsole.IConsoleHost)">
            <summary>Runs the asynchronous.</summary>
            <param name="processor">The processor.</param>
            <param name="host">The host.</param>
            <returns></returns>
        </member>
        <member name="M:NSwag.Commands.Generation.FromDocumentCommand.RunAsync">
            <summary>Loads the Swagger spec.</summary>
        </member>
        <member name="E:NSwag.Commands.Generation.FromDocumentCommand.PropertyChanged">
            <summary>Occurs when property changed.</summary>
        </member>
        <member name="M:NSwag.Commands.Generation.FromDocumentCommand.OnPropertyChanged(System.String)">
            <summary>Called when property changed.</summary>
        </member>
        <member name="T:NSwag.Commands.Generation.OpenApiGeneratorCommandBase`1">
            <inheritdoc />
        </member>
        <member name="M:NSwag.Commands.Generation.OpenApiGeneratorCommandBase`1.#ctor">
            <summary>Initializes a new instance of the <see cref="T:NSwag.Commands.Generation.OpenApiGeneratorCommandBase`1"/> class.</summary>
        </member>
        <member name="T:NSwag.Commands.Generation.TypesToOpenApiCommand">
            <summary></summary>
        </member>
        <member name="T:NSwag.Commands.Generation.TypesToSwaggerCommand">
            <summary></summary>
        </member>
        <member name="M:NSwag.Commands.Generation.TypesToSwaggerCommand.#ctor">
            <summary>Initializes a new instance of the <see cref="T:NSwag.Commands.Generation.TypesToSwaggerCommand"/> class.</summary>
        </member>
        <member name="T:NSwag.Commands.Generation.WebApi.WebApiToOpenApiCommand">
            <summary>The generator.</summary>
        </member>
        <member name="T:NSwag.Commands.Generation.WebApi.WebApiToSwaggerCommand">
            <summary>The generator.</summary>
        </member>
        <member name="M:NSwag.Commands.Generation.WebApi.WebApiToSwaggerCommand.#ctor">
            <summary>Initializes a new instance of the <see cref="T:NSwag.Commands.Generation.WebApi.WebApiToSwaggerCommand"/> class.</summary>
        </member>
        <member name="M:NSwag.Commands.InputOutputCommandBase.GetInputSwaggerDocument">
            <exception cref="T:System.ArgumentException">The argument 'Input' was empty.</exception>
        </member>
        <member name="M:NSwag.Commands.InputOutputCommandBase.GetJsonSchemaAsync">
            <exception cref="T:System.ArgumentException">The argument 'Input' was empty.</exception>
        </member>
        <member name="T:NSwag.Commands.IsolatedCommandBase`1">
            <summary>A command which is run in isolation.</summary>
        </member>
        <member name="T:NSwag.Commands.IsolatedSwaggerOutputCommandBase`1">
            <summary>A command which is run in isolation.</summary>
        </member>
        <member name="T:NSwag.Commands.Tooling.VersionCommand">
            <summary>Prints the tool chain version.</summary>
        </member>
        <member name="M:NSwag.Commands.Tooling.VersionCommand.RunAsync(NConsole.CommandLineProcessor,NConsole.IConsoleHost)">
            <summary>Runs the command.</summary>
            <param name="processor">The processor.</param>
            <param name="host">The host.</param>
            <returns>The output.</returns>
        </member>
        <member name="T:NSwag.Commands.NewLineBehavior">
            <summary>
            Enumeratoin of new line behaviors.
            </summary>
        </member>
        <member name="F:NSwag.Commands.NewLineBehavior.Auto">
            <summary>
            Automatic line ending based on the current OS.
            </summary>
        </member>
        <member name="F:NSwag.Commands.NewLineBehavior.CRLF">
            <summary>
            CRLF.
            </summary>
        </member>
        <member name="F:NSwag.Commands.NewLineBehavior.LF">
            <summary>
            LF.
            </summary>
        </member>
        <member name="T:NSwag.Commands.NSwagCommandProcessor">
            <summary></summary>
        </member>
        <member name="M:NSwag.Commands.NSwagCommandProcessor.#ctor(NConsole.IConsoleHost)">
            <summary>Initializes a new instance of the <see cref="T:NSwag.Commands.NSwagCommandProcessor" /> class.</summary>
            <param name="host">The host.</param>
        </member>
        <member name="M:NSwag.Commands.NSwagCommandProcessor.Process(System.String[])">
            <summary>Processes the command line arguments.</summary>
            <param name="args">The arguments.</param>
            <returns>The result.</returns>
        </member>
        <member name="M:NSwag.Commands.NSwagCommandProcessor.ProcessAsync(System.String[])">
            <summary>Processes the command line arguments.</summary>
            <param name="args">The arguments.</param>
            <returns>The result.</returns>
        </member>
        <member name="T:NSwag.Commands.NSwagDocument">
            <summary>The NSwagDocument implementation.</summary>
            <seealso cref="T:NSwag.Commands.NSwagDocumentBase" />
        </member>
        <member name="M:NSwag.Commands.NSwagDocument.#ctor">
            <summary>Initializes a new instance of the <see cref="T:NSwag.Commands.NSwagDocument"/> class.</summary>
        </member>
        <member name="M:NSwag.Commands.NSwagDocument.Create">
            <summary>Creates a new NSwagDocument.</summary>
            <returns>The document.</returns>
        </member>
        <member name="M:NSwag.Commands.NSwagDocument.LoadAsync(System.String)">
            <summary>Loads an existing NSwagDocument.</summary>
            <param name="filePath">The file path.</param>
            <returns>The document.</returns>
        </member>
        <member name="M:NSwag.Commands.NSwagDocument.LoadWithTransformationsAsync(System.String,System.String)">
            <summary>Loads an existing NSwagDocument with environment variable expansions and variables.</summary>
            <param name="filePath">The file path.</param>
            <param name="variables">The variables.</param>
            <returns>The document.</returns>
        </member>
        <member name="M:NSwag.Commands.NSwagDocument.ExecuteAsync">
            <summary>Executes the document.</summary>
            <returns>The task.</returns>
        </member>
        <member name="M:NSwag.Commands.NSwagDocument.ExecuteCommandLineAsync(System.Boolean)">
            <summary>Executes the document via command line.</summary>
            <param name="redirectOutput">Indicates whether to redirect the outputs.</param>
            <returns>The result.</returns>
        </member>
        <member name="M:NSwag.Commands.NSwagDocument.GetControllersFromCommandLineAsync">
            <summary>Gets the available controller types by calling the command line.</summary>
            <returns>The controller names.</returns>
        </member>
        <member name="M:NSwag.Commands.NSwagDocument.GetTypesFromCommandLineAsync">
            <summary>Gets the available controller types by calling the command line.</summary>
            <returns>The controller names.</returns>
        </member>
        <member name="M:NSwag.Commands.NSwagDocument.ConvertToAbsolutePath(System.String)">
            <summary>Converts to absolute path.</summary>
            <param name="pathToConvert">The path to convert.</param>
            <returns>The absolute path.</returns>
        </member>
        <member name="M:NSwag.Commands.NSwagDocument.ConvertToRelativePath(System.String)">
            <summary>Converts a path to an relative path.</summary>
            <param name="pathToConvert">The path to convert.</param>
            <returns>The relative path.</returns>
        </member>
        <member name="T:NSwag.Commands.NSwagDocumentBase">
            <summary>The NSwagDocument base class.</summary>
            <seealso cref="T:System.ComponentModel.INotifyPropertyChanged" />
        </member>
        <member name="M:NSwag.Commands.NSwagDocumentBase.#ctor">
            <summary>Initializes a new instance of the <see cref="T:NSwag.Commands.NSwagDocumentBase"/> class.</summary>
        </member>
        <member name="M:NSwag.Commands.NSwagDocumentBase.ConvertToAbsolutePath(System.String)">
            <summary>Converts a path to an absolute path.</summary>
            <param name="pathToConvert">The path to convert.</param>
            <returns>The absolute path.</returns>
        </member>
        <member name="M:NSwag.Commands.NSwagDocumentBase.ConvertToRelativePath(System.String)">
            <summary>Converts a path to an relative path.</summary>
            <param name="pathToConvert">The path to convert.</param>
            <returns>The relative path.</returns>
        </member>
        <member name="M:NSwag.Commands.NSwagDocumentBase.ExecuteAsync">
            <summary>Executes the current document.</summary>
            <returns>The result.</returns>
        </member>
        <member name="P:NSwag.Commands.NSwagDocumentBase.Runtime">
            <summary>Gets or sets the runtime where the document should be processed.</summary>
        </member>
        <member name="P:NSwag.Commands.NSwagDocumentBase.DefaultVariables">
            <summary>Gets or sets the default variables.</summary>
        </member>
        <member name="P:NSwag.Commands.NSwagDocumentBase.SelectedSwaggerGeneratorRaw">
            <summary>Gets or sets the selected swagger generator JSON.</summary>
        </member>
        <member name="P:NSwag.Commands.NSwagDocumentBase.SwaggerGenerators">
            <summary>Gets the swagger generators.</summary>
        </member>
        <member name="P:NSwag.Commands.NSwagDocumentBase.CodeGenerators">
            <summary>Gets the code generators.</summary>
        </member>
        <member name="P:NSwag.Commands.NSwagDocumentBase.Path">
            <summary>Gets or sets the path.</summary>
        </member>
        <member name="P:NSwag.Commands.NSwagDocumentBase.Name">
            <summary>Gets the name of the document.</summary>
        </member>
        <member name="P:NSwag.Commands.NSwagDocumentBase.IsDirty">
            <summary>Gets a value indicating whether the document is dirty (has any changes).</summary>
        </member>
        <member name="P:NSwag.Commands.NSwagDocumentBase.SelectedSwaggerGenerator">
            <summary>Gets the selected Swagger generator.</summary>
        </member>
        <member name="M:NSwag.Commands.NSwagDocumentBase.Create``1">
            <summary>Creates a new NSwagDocument.</summary>
            <typeparam name="TDocument">The type.</typeparam>
            <returns>The document.</returns>
        </member>
        <member name="M:NSwag.Commands.NSwagDocumentBase.LoadAsync``1(System.String,System.String,System.Boolean,System.Collections.Generic.IDictionary{System.Type,System.Type})">
            <summary>Loads an existing NSwagDocument.</summary>
            <typeparam name="TDocument">The type.</typeparam>
            <param name="filePath">The file path.</param>
            <param name="variables">The variables.</param>
            <param name="applyTransformations">Specifies whether to expand environment variables and convert variables.</param>
            <param name="mappings">The mappings.</param>
            <returns>The document.</returns>
        </member>
        <member name="M:NSwag.Commands.NSwagDocumentBase.FromJson``1(System.String,System.String)">
            <summary>Converts the document to JSON.</summary>
            <typeparam name="TDocument">The document type.</typeparam>
            <param name="filePath">The file path.</param>
            <param name="data">The JSON data.</param>
            <returns>The document.</returns>
        </member>
        <member name="M:NSwag.Commands.NSwagDocumentBase.SaveAsync">
            <summary>Saves the document.</summary>
            <returns>The task.</returns>
        </member>
        <member name="M:NSwag.Commands.NSwagDocumentBase.ToJsonWithRelativePaths">
            <summary>Converts the document to JSON with relative paths.</summary>
            <returns>The JSON data.</returns>
        </member>
        <member name="M:NSwag.Commands.NSwagDocumentBase.ToJson">
            <summary>Converts the document to JSON.</summary>
            <returns>The JSON data.</returns>
        </member>
        <member name="M:NSwag.Commands.NSwagDocumentBase.GenerateSwaggerDocumentAsync">
            <summary>Generates the <see cref="T:NSwag.OpenApiDocument"/> with the currently selected generator.</summary>
            <returns>The document.</returns>
        </member>
        <member name="E:NSwag.Commands.NSwagDocumentBase.PropertyChanged">
            <summary>Occurs when a property value changes.</summary>
        </member>
        <member name="M:NSwag.Commands.NSwagDocumentBase.RaiseAllPropertiesChanged">
            <summary>Raises all properties changed.</summary>
        </member>
        <member name="T:NSwag.Commands.OpenApiDocumentExecutionResult">
            <summary>Stores the result of a <see cref="T:NSwag.OpenApiDocument"/> execution.</summary>
        </member>
        <member name="M:NSwag.Commands.OpenApiDocumentExecutionResult.#ctor(System.String,System.String,System.Boolean)">
            <summary>Initializes a new instance of the <see cref="T:NSwag.Commands.NSwagDocumentBase"/> class.</summary>
            <param name="output">The command line output.</param>
            <param name="swaggerOutput">The Swagger JSON output.</param>
            <param name="isRedirectedOutput">Indicates whether the output is redirect.</param>
        </member>
        <member name="P:NSwag.Commands.OpenApiDocumentExecutionResult.Output">
            <summary>Gets the command line output.</summary>
        </member>
        <member name="P:NSwag.Commands.OpenApiDocumentExecutionResult.SwaggerOutput">
            <summary>Gets the Swagger JSON output.</summary>
        </member>
        <member name="P:NSwag.Commands.OpenApiDocumentExecutionResult.IsRedirectedOutput">
            <summary>Gets a value indicating whether the output is redirect.</summary>
        </member>
        <member name="M:NSwag.Commands.OpenApiDocumentExecutionResult.AddGeneratorOutput(System.Type,System.String)">
            <summary>Adds a generator output (e.g. code) to the result</summary>
            <param name="key">The type of the generator command.</param>
            <param name="output">The output string.</param>
        </member>
        <member name="M:NSwag.Commands.OpenApiDocumentExecutionResult.GetGeneratorOutput``1">
            <summary>Gets a genrator output with a generator command type key.</summary>
            <typeparam name="T">The generator command type.</typeparam>
            <returns>The output.</returns>
        </member>
        <member name="T:NSwag.Commands.OpenApiGeneratorCollection">
            <summary></summary>
        </member>
        <member name="P:NSwag.Commands.OpenApiGeneratorCollection.FromDocumentCommand">
            <summary>Gets or sets the input to swagger command.</summary>
        </member>
        <member name="P:NSwag.Commands.OpenApiGeneratorCollection.JsonSchemaToOpenApiCommand">
            <summary>Gets or sets the json schema to swagger command.</summary>
        </member>
        <member name="P:NSwag.Commands.OpenApiGeneratorCollection.WebApiToOpenApiCommand">
            <summary>Gets or sets the Web API to swagger command.</summary>
        </member>
        <member name="P:NSwag.Commands.OpenApiGeneratorCollection.AspNetCoreToOpenApiCommand">
            <summary>Gets or sets the ASP.NET Core to swagger command.</summary>
        </member>
        <member name="P:NSwag.Commands.OpenApiGeneratorCollection.TypesToOpenApiCommand">
            <summary>Gets or sets the assembly type to swagger command.</summary>
        </member>
        <member name="P:NSwag.Commands.OpenApiGeneratorCollection.Items">
            <summary>Gets the items.</summary>
        </member>
        <member name="T:NSwag.Commands.Runtime">
            <summary>Enumeration of .NET runtimes where a document can be processed.</summary>
        </member>
        <member name="F:NSwag.Commands.Runtime.Default">
            <summary>Use default and do no checks.</summary>
        </member>
        <member name="F:NSwag.Commands.Runtime.WinX64">
            <summary>Full .NET framework, x64.</summary>
        </member>
        <member name="F:NSwag.Commands.Runtime.WinX86">
            <summary>Full .NET framework, x86.</summary>
        </member>
        <member name="F:NSwag.Commands.Runtime.NetCore21">
            <summary>.NET Core 2.1 app.</summary>
        </member>
        <member name="F:NSwag.Commands.Runtime.NetCore31">
            <summary>.NET Core 3.1 app.</summary>
        </member>
        <member name="F:NSwag.Commands.Runtime.Net50">
            <summary>.NET 5 app.</summary>
        </member>
        <member name="F:NSwag.Commands.Runtime.Net60">
            <summary>.NET 6 app.</summary>
        </member>
        <member name="F:NSwag.Commands.Runtime.Net70">
            <summary>.NET 7 app.</summary>
        </member>
        <member name="F:NSwag.Commands.Runtime.Debug">
            <summary>Execute in the same process.</summary>
        </member>
        <member name="T:NSwag.Commands.RuntimeUtilities">
            <summary>Provides runtime utilities.</summary>
        </member>
        <member name="P:NSwag.Commands.RuntimeUtilities.CurrentRuntime">
            <summary>Gets the current runtime.</summary>
        </member>
    </members>
</doc>
